<?xml version="1.0" encoding="UTF-8"?>
<project-private xmlns="http://www.netbeans.org/ns/project-private/1">
    <editor-bookmarks xmlns="http://www.netbeans.org/ns/editor-bookmarks/2" lastBookmarkId="0"/>
    <open-files xmlns="http://www.netbeans.org/ns/projectui-open-files/2">
        <group>
            <file>file:/C:/Users/Akram/Documents/NetBeansProjects/PharmacyProject/src/Login.java</file>
            <file>file:/C:/Users/Akram/Documents/NetBeansProjects/PharmacyProject/src/HomePage.java</file>
            <file>file:/C:/Users/Akram/Documents/NetBeansProjects/PharmacyProject/src/MedicineMenu.java</file>
            <file>file:/C:/Users/Akram/Documents/NetBeansProjects/PharmacyProject/src/Registar.java</file>
            <file>file:/C:/Users/Akram/Documents/NetBeansProjects/PharmacyProject/src/AddMedicine.java</file>
            <file>file:/C:/Users/Akram/Documents/NetBeansProjects/PharmacyProject/src/SellMedicine.java</file>
            <file>file:/C:/Users/Akram/Documents/NetBeansProjects/PharmacyProject/src/Calculator.java</file>
        </group>
    </open-files>
</project-private>
